{"cameraMode":{"drawMode":0,"name":"Shaded","section":"Shading Mode"},"sceneLighting":false,"audioPlay":false,"sceneViewState":{"m_AlwaysRefresh":false,"showFog":true,"showSkybox":false,"showFlares":true,"showImageEffects":true,"showParticleSystems":true,"showVisualEffectGraphs":true,"m_FxEnabled":true},"in2DMode":false,"pivot":{"x":18.270000457763673,"y":31.669998168945314,"z":36.849998474121097},"rotation":{"x":0.18958720564842225,"y":-0.2402661293745041,"z":0.04792545363306999,"w":0.9508592486381531},"size":33.32695007324219,"orthographic":false}